<?xml version="1.0"?>
<root><record><id>1</id><marca>Audi</marca><modello>A4</modello><annoProduzione>2020</annoProduzione><prezzo>30000</prezzo><chilometraggio>15000</chilometraggio><colore>Bianco</colore><stato>0</stato></record><record><id>2</id><marca>BMW</marca><modello>X3</modello><annoProduzione>2018</annoProduzione><prezzo>25000</prezzo><chilometraggio>40000</chilometraggio><colore>Nero</colore><stato>0</stato></record><record><id>3</id><marca>Fiat</marca><modello>Panda</modello><annoProduzione>2020</annoProduzione><prezzo>10000</prezzo><chilometraggio>15000</chilometraggio><colore>Nero</colore><stato>0</stato></record><record><id>7</id><marca>Toyota</marca><modello>Aygo</modello><annoProduzione>2025</annoProduzione><prezzo>15000</prezzo><chilometraggio>1000</chilometraggio><colore>Verde</colore><stato>0</stato></record><record><id>8</id><marca>Ferrari</marca><modello>F80</modello><annoProduzione>2023</annoProduzione><prezzo>275000</prezzo><chilometraggio>0</chilometraggio><colore>Rosso</colore><stato>1</stato></record></root>
